{
    "startTime": 0,
    "initialWeight": 0.05,
    "initialVariance": 20,
    "learningRate": 0.05,
    "foregroundThreshold": 14.5,
    "medianFilterSize": 3,
    "morphFilterSize": 0,
    "shadowDetection": false,
    "autoGradientThreshold": true,
    "edgeCorrection": true,
    "lambda": 0.1,
    "tau": 0.15,
    "alpha": 0.00621,
    "gradientThreshold": 1.6,
    "gradientThresholdMultiplier": 0.45,
    "luminanceThreshold": 2.45,
    "minObjectSize": 200,
    "minSegmentSize": 40,
    "randomReconstruction": false,
    "roi": [
        [
            0.71328125,
            1.0
        ],
        [
            0.42578125,
            0.9986111111111111
        ],
        [
            0.46640625,
            0.5569444444444445
        ],
        [
            0.56953125,
            0.5555555555555556
        ]
    ],
    "lines": [
        [
            0.471875,
            0.6583333333333333
        ],
        [
            0.5796875,
            0.6555555555555556
        ],
        [
            0.43984375,
            0.9277777777777778
        ],
        [
            0.653125,
            0.9194444444444444
        ]
    ],
    "naturalDirection": "down"
}
