{
    "video": "university.mp4",
    "startTime": 0,
    "initialWeight": 0.05,
    "initialVariance": 20,
    "learningRate": 0.05,
    "foregroundThreshold": 14.5,
    "medianFilterSize": 3,
    "morphFilterSize": 7,
    "shadowDetection": false,
    "autoGradientThreshold": false,
    "edgeCorrection": true,
    "lambda": 0.02000000000000001,
    "tau": 0.0,
    "alpha": 0.00621,
    "gradientThreshold": 0.17999999999999972,
    "gradientThresholdMultiplier": 0.2800000000000001,
    "luminanceThreshold": 1.9,
    "minObjectSize": 200,
    "minSegmentSize": 4,
    "randomReconstruction": false,
    "roi": [
        [
            0.99921875,
            1.0013888888888889
        ],
        [
            0.48984375,
            0.9958333333333333
        ],
        [
            0.32265625,
            0.4930555555555556
        ],
        [
            0.28671875,
            0.17916666666666667
        ],
        [
            0.365625,
            0.16666666666666666
        ],
        [
            0.73203125,
            0.5430555555555555
        ]
    ],
    "lines": [
        [
            0.3046875,
            0.31527777777777777
        ],
        [
            0.4390625,
            0.26805555555555555
        ],
        [
            0.40078125,
            0.725
        ],
        [
            0.71015625,
            0.5486111111111112
        ]
    ],
    "naturalDirection": "down"
}
